{
  "TP53_Y220C": {
    "native": {
      "compound": "p_cresol",
      "pauli_coeffs": [
        -339.74716195,
        -0.14834848,
        0.14834848,
        0.01780605,
        0.03049453,
        0.03049453
      ],
      "casscf_energy": -340.31785800825884,
      "correlation_Ha": -0.00542375877057566
    },
    "mutant": {
      "compound": "methanethiol",
      "pauli_coeffs": [
        -431.83236285,
        -0.30314167,
        0.30314167,
        0.00575142,
        0.0769585,
        0.0769585
      ],
      "casscf_energy": -432.91199529426757,
      "correlation_Ha": -0.01888397696075117
    }
  },
  "TP53_C275F": {
    "native": {
      "compound": "methanethiol",
      "pauli_coeffs": [
        -431.83236285,
        -0.30314167,
        0.30314167,
        0.00575142,
        0.0769585,
        0.0769585
      ],
      "casscf_energy": -432.91199529426757,
      "correlation_Ha": -0.01888397696075117
    },
    "mutant": {
      "compound": "toluene",
      "pauli_coeffs": [
        -265.88096191,
        -0.14542822,
        0.14542822,
        -0.0005688,
        0.0521914,
        0.0521914
      ],
      "casscf_energy": -266.4907517482569,
      "correlation_Ha": -0.016545204573333194
    }
  },
  "KEAP1_G333C": {
    "native": {
      "compound": "formamide",
      "pauli_coeffs": [
        -165.80683187,
        -0.19558055,
        0.19558055,
        0.02584709,
        0.09202513,
        0.09202513
      ],
      "casscf_energy": -166.72475191539476,
      "correlation_Ha": -0.04199637233941189
    },
    "mutant": {
      "compound": "methanethiol",
      "pauli_coeffs": [
        -431.83236285,
        -0.30314167,
        0.30314167,
        0.00575142,
        0.0769585,
        0.0769585
      ],
      "casscf_energy": -432.91199529426757,
      "correlation_Ha": -0.01888397696075117
    }
  },
  "KEAP1_R320Q": {
    "native": {
      "compound": "guanidine",
      "pauli_coeffs": [
        -200.75030491,
        -0.16306873,
        0.16306873,
        0.04244677,
        0.07673932,
        0.07673932
      ],
      "casscf_energy": -201.47889760635994,
      "correlation_Ha": -0.03693633114156114
    },
    "mutant": {
      "compound": "acetamide",
      "pauli_coeffs": [
        -204.42244796,
        -0.1887592,
        0.1887592,
        0.02909399,
        0.09221115,
        0.09221115
      ],
      "casscf_energy": -205.3195025343908,
      "correlation_Ha": -0.043992996533944506
    }
  },
  "STK11_F354L": {
    "native": {
      "compound": "toluene",
      "pauli_coeffs": [
        -265.88096191,
        -0.14542822,
        0.14542822,
        -0.0005688,
        0.0521914,
        0.0521914
      ],
      "casscf_energy": -266.4907517482569,
      "correlation_Ha": -0.016545204573333194
    },
    "mutant": {
      "compound": "isobutane",
      "pauli_coeffs": [
        -153.88839149,
        -0.26001122,
        0.26001122,
        0.01379164,
        0.08180601,
        0.08180601
      ],
      "casscf_energy": -154.91503052885375,
      "correlation_Ha": -0.024628874501274822
    }
  },
  "STK11_D194N": {
    "native": {
      "compound": "acetic_acid",
      "pauli_coeffs": [
        -223.91799066,
        -0.18663574,
        0.18663574,
        0.02151305,
        0.0945255,
        0.0945255
      ],
      "casscf_energy": -224.84451024185293,
      "correlation_Ha": -0.04609793958539399
    },
    "mutant": {
      "compound": "acetamide",
      "pauli_coeffs": [
        -204.42244796,
        -0.1887592,
        0.1887592,
        0.02909399,
        0.09221115,
        0.09221115
      ],
      "casscf_energy": -205.3195025343908,
      "correlation_Ha": -0.043992996533944506
    }
  }
}